,Job Family,Total Benefits,Total Compensation,Percent_Total_Benefits
235587,Nursing,647.5,57.05,11.349693251533743
249262,Nursing,-5610.84,-662.38,8.470726773151364
35749,Nursing,-19814.44,-3320.45,5.967395985483895
118005,Nursing,-20931.96,-3591.03,5.828957151569326
96411,Nursing,-6876.87,-1931.36,3.5606360284980534
